GivenName,FamilyName,Email,Password,BirthDate
Edward,Devito,Edward.R.Devito@dodgit.com,seisah7E,2/6/1973
Karen,Gibson,Karen.H.Gibson@spambob.com,mob8thahZ,9/11/1954
Ronald,Smith,Ronald.P.Smith@dodgit.com,OomoHeiN0pai,7/1/1971
Bryant,Bryant,Bryant.C.Bryant@spambob.com,Ot2xierize9,7/31/1972
Henry,Rogers,Henry.T.Rogers@spambob.com,aiquaiSom7ai,2/23/1962
Maria,Melton,Maria.M.Melton@spambob.com,she7Ie3av1,3/14/1958
Jane,Mctaggart,Jane.D.Mctaggart@trashymail.com,OhL0OM6ch,7/22/1974
Robert,Noda,Robert.M.Noda@pookmail.com,uThush6oh,5/9/1954
David,Cooper,David.L.Cooper@dodgit.com,MeGh1huth,8/3/1978
Russell,Dougherty,Russell.L.Dougherty@trashymail.com,shooc0Eich,10/19/1984
Louise,Jennings,Louise.M.Jennings@mailinator.com,zu6Eezahc,6/23/1957
Frederick,Horton,Frederick.T.Horton@pookmail.com,eizu1Ug1cei,1/2/1969
Velma,Schoenrock,Velma.C.Schoenrock@dodgit.com,aph7eivaeB,3/15/1959
Jason,Stackhouse,Jason.C.Stackhouse@mailinator.com,Foochee6ge,7/28/1974
Evan,Dionne,Evan.G.Dionne@dodgit.com,oov6iChoh,11/20/1966
Brittany,Martin,Brittany.P.Martin@trashymail.com,ooCohw1eMi,6/10/1958
Stephen,Warne,Stephen.M.Warne@trashymail.com,eiYahM2moor,8/31/1971
Terry,Conners,Terry.J.Conners@pookmail.com,ReiNgeo2,7/2/1959
Dwight,Mojica,Dwight.S.Mojica@trashymail.com,ook4heiGhif,11/18/1954
Jamie,Bogan,Jamie.M.Bogan@pookmail.com,eeChoog7moF,3/2/1941
Ed,Newman,Ed.G.Newman@trashymail.com,AhGh7eeree,10/24/1975
Heather,Castillo,Heather.R.Castillo@pookmail.com,thaik7yahCh,12/2/1966
Carla,Baldwin,Carla.C.Baldwin@pookmail.com,Eifoo2yu,2/25/1964
Clementine,Franklin,Clementine.J.Franklin@dodgit.com,daatahJ6,4/9/1956
Deborah,Mcfarland,Deborah.M.Mcfarland@spambob.com,peeWeele7,11/2/1954
Jennifer,Rodriguez,Jennifer.M.Rodriguez@mailinator.com,AhT6zav1Ai,11/11/1972
Mathew,Floyd,Mathew.A.Floyd@mailinator.com,Zee2gae8Choo,11/26/1941
Karen,Rosenblum,Karen.S.Rosenblum@pookmail.com,jaPh3ahphoh,7/16/1965
Virginia,Pickard,Virginia.M.Pickard@dodgit.com,yee0ahQu,5/15/1979
Anthony,Ledet,Anthony.M.Ledet@mailinator.com,eiZae2gagh,6/1/1953
Shirley,Reaves,Shirley.D.Reaves@trashymail.com,uZohWie5ai,5/13/1979
Rosa,Hayes,Rosa.H.Hayes@pookmail.com,Qua3eotohre,5/6/1944
Billy,Berger,Billy.L.Berger@dodgit.com,aiSoochei0oo,2/25/1981
Brenda,Osborne,Brenda.W.Osborne@spambob.com,teiGhu0ka0doh,7/6/1966
Rebecca,Snyder,Rebecca.T.Snyder@pookmail.com,Aepae6aire,2/27/1982
Bette,Strong,Bette.E.Strong@dodgit.com,Ohsh8iVoo,5/22/1946
Cole,Vickers,Cole.J.Vickers@trashymail.com,Ohdoh4lai9,1/14/1958
Jesse,Harmon,Jesse.S.Harmon@trashymail.com,ahngohBa1,10/18/1940
Michael,Largo,Michael.B.Largo@spambob.com,Eeveesee0p,5/11/1944
Lillie,Egan,Lillie.W.Egan@spambob.com,aegoh1coTh,6/26/1984
Ronnie,Fenton,Ronnie.M.Fenton@mailinator.com,nuiHai4za,3/1/1980
Evangeline,Sanders,Evangeline.R.Sanders@trashymail.com,phuLah1ooch,4/12/1968
Billy,Daniels,Billy.B.Daniels@dodgit.com,Bai4shusuT,11/25/1955
Jan,Cureton,Jan.M.Cureton@dodgit.com,iedoWi2air,2/1/1944
Bettye,Dykes,Bettye.G.Dykes@trashymail.com,aij4Ahg0,8/5/1966
Jared,Calloway,Jared.C.Calloway@mailinator.com,ceiXuZiN9mee,3/2/1983
Catherine,Hernandez,Catherine.F.Hernandez@trashymail.com,Moohox5w,4/22/1971
Donald,Hanna,Donald.E.Hanna@dodgit.com,oJia8eekah,8/12/1969
Jane,Lee,Jane.C.Lee@trashymail.com,ezothaiDae4,11/17/1979
Karen,Cross,Karen.N.Cross@dodgit.com,iu9Xiej5nah,7/13/1983
Frank,Robertson,Frank.G.Robertson@spambob.com,Oleg4ok9ah,7/12/1979
Elizabeth,Steele,Elizabeth.H.Steele@dodgit.com,aeThung3lohP,8/10/1961
Barry,Tate,Barry.J.Tate@trashymail.com,ohTeiho6,4/18/1949
Patricia,Willoughby,Patricia.S.Willoughby@spambob.com,agh2Aech6Ae,1/16/1960
Kathryn,Walker,Kathryn.D.Walker@dodgit.com,KehaeXoh9,10/8/1980
Mary,Rancourt,Mary.C.Rancourt@pookmail.com,eiL2aela,7/9/1940
Bettie,Stpierre,Bettie.I.Stpierre@trashymail.com,johnguJoo6Ie,8/7/1984
Rodrick,Quinn,Rodrick.D.Quinn@trashymail.com,ThohXele1Qu,7/6/1968
Debra,Rose,Debra.J.Rose@dodgit.com,Amai6Igai,1/15/1952
Christine,Cardenas,Christine.J.Cardenas@pookmail.com,eiNei2ooth,3/4/1951
Shannon,Holland,Shannon.E.Holland@mailinator.com,eem2Ooth,2/18/1971
Craig,Christmas,Craig.V.Christmas@trashymail.com,ok8Eithei,5/12/1985
Willie,Rodriguez,Willie.W.Rodriguez@dodgit.com,Ooniid6s,9/3/1970
Caterina,Henderson,Caterina.P.Henderson@dodgit.com,iyiaF8ee,8/6/1952
Kayla,Duncan,Kayla.B.Duncan@mailinator.com,Theep8quee,11/17/1972
Marilyn,Snider,Marilyn.M.Snider@dodgit.com,waht1ieL,9/12/1971
Barbara,Stanton,Barbara.G.Stanton@mailinator.com,Xahyohye4oh,2/9/1961
James,Ashley,James.A.Ashley@trashymail.com,uth1ChaiC,5/13/1977
James,Adams,James.S.Adams@mailinator.com,eude9baiNg,7/20/1984
Michael,Velasquez,Michael.D.Velasquez@pookmail.com,quof4OoquaGh,11/22/1977
Stephanie,Riley,Stephanie.M.Riley@dodgit.com,iCh8epei,3/23/1976
Lisa,Gibson,Lisa.J.Gibson@pookmail.com,Ohph9eitie2,10/4/1942
Flora,Snow,Flora.G.Snow@mailinator.com,fiuF9loh8ee,2/18/1959
Joanne,May,Joanne.L.May@dodgit.com,Fi2Ratie,6/12/1959
Jennifer,Jennings,Jennifer.R.Jennings@dodgit.com,ohvoo1bai8X,2/15/1952
Jennifer,Lane,Jennifer.D.Lane@dodgit.com,ohch1Ahph,3/16/1949
Katelyn,Dudley,Katelyn.F.Dudley@mailinator.com,ooBiamorei1,2/2/1954
Sylvia,Roach,Sylvia.R.Roach@pookmail.com,yoij2Iph,7/13/1969
Jennifer,Reichert,Jennifer.C.Reichert@trashymail.com,aicieN1ii,9/3/1972
Wallace,Corp,Wallace.L.Corp@pookmail.com,deiPie6Bah,12/21/1981
Carla,White,Carla.M.White@mailinator.com,ahZee0ohk,12/11/1974
Robert,Cleveland,Robert.L.Cleveland@trashymail.com,oy5veequoiK,6/23/1960
Marilyn,Wilburn,Marilyn.Z.Wilburn@spambob.com,aeG0na8ah,8/1/1963
Kenneth,Romo,Kenneth.J.Romo@pookmail.com,Oo4pahThah,5/25/1966
Amy,Lindsey,Amy.T.Lindsey@trashymail.com,OoG5caiYae,7/4/1979
Cedric,Roman,Cedric.H.Roman@trashymail.com,Jui1uve3dei,10/17/1981
Mark,Mitchell,Mark.L.Mitchell@mailinator.com,eeMaiK1ch,11/8/1980
Bridgette,Hummel,Bridgette.R.Hummel@dodgit.com,eeD0Laebuboh,3/6/1973
Leroy,Brown,Leroy.D.Brown@spambob.com,niacheeV7,5/14/1969
Kerry,Parke,Kerry.A.Parke@spambob.com,VuLahf0yuo,12/25/1954
Heather,Ritter,Heather.H.Ritter@trashymail.com,goo1Yi7Ta,7/9/1945
Machelle,Howell,Machelle.C.Howell@trashymail.com,aimi9Aeshu8,4/12/1947
Carmela,Brendel,Carmela.S.Brendel@trashymail.com,UTh3daifei,11/16/1979
Tricia,Goshorn,Tricia.G.Goshorn@pookmail.com,aige9Weengee,2/19/1946
Mai,Torres,Mai.D.Torres@spambob.com,Eethu9Sew,3/4/1978
Pamela,Letellier,Pamela.P.Letellier@pookmail.com,ohgheeYaec3,2/2/1967
Michael,Core,Michael.C.Core@spambob.com,shaeMug0Woh,4/16/1958
Maria,Armbruster,Maria.M.Armbruster@mailinator.com,AeJoo1sohS,7/31/1959
Francis,Patterson,Francis.T.Patterson@dodgit.com,eiPhouFuh6Ee,1/13/1979
Pamela,Giddings,Pamela.B.Giddings@dodgit.com,oo4ushue5Oo,12/19/1941
Marvin,Garcia,Marvin.G.Garcia@mailinator.com,Thi4shai5ki,1/13/1948
Thelma,Redding,Thelma.F.Redding@spambob.com,Rip5eevae,3/4/1958
Robert,Callaway,Robert.C.Callaway@pookmail.com,ueKeus4ait,7/30/1969
John,Thaxton,John.O.Thaxton@trashymail.com,JaeLae7ie,8/29/1954
Dorothy,Carter,Dorothy.R.Carter@dodgit.com,neiC9aam0go,3/22/1957
James,Castleberry,James.D.Castleberry@trashymail.com,eCaesheo3Ah,3/19/1940
Scott,Dosch,Scott.R.Dosch@mailinator.com,ueJ8aH8ae,10/24/1941
Jill,Rodriguez,Jill.W.Rodriguez@spambob.com,eesh1pooC,8/31/1942
Florine,Delvalle,Florine.I.Delvalle@pookmail.com,xuaz5seeY7d,10/25/1958
Laura,Nunez,Laura.G.Nunez@spambob.com,ooGaequ4Awei,10/21/1947
Terra,Smith,Terra.S.Smith@dodgit.com,ahl9liXoo,7/23/1956
Edna,Quinn,Edna.J.Quinn@trashymail.com,Eic4chup1oo,2/17/1969
Angela,Smith,Angela.S.Smith@spambob.com,oht1Shai9b,5/29/1959
Kristen,Milano,Kristen.G.Milano@spambob.com,ieThahQu5Uo,11/29/1968
Tammy,Guy,Tammy.M.Guy@spambob.com,iew1koShu0,9/26/1970
Sarah,Vanleer,Sarah.R.Vanleer@dodgit.com,ab1AhPh0,4/9/1942
Melanie,Stpierre,Melanie.S.Stpierre@dodgit.com,hohF8sahV0ch,7/5/1961
John,Schindler,John.L.Schindler@trashymail.com,ThoojooYi0Be,10/26/1961
Valentin,Gillian,Valentin.L.Gillian@spambob.com,Taitoxee4,9/9/1951
Jose,Benitez,Jose.G.Benitez@spambob.com,Oox4ne1DaiR,6/23/1982
Cindy,Hicks,Cindy.F.Hicks@dodgit.com,ieShu2kee,1/6/1956
Debra,Hopkins,Debra.J.Hopkins@spambob.com,ek1Shae3,12/17/1960
Jeanne,Schoen,Jeanne.S.Schoen@dodgit.com,oMeichah2,1/9/1981
Kimberly,Mcfadden,Kimberly.M.Mcfadden@trashymail.com,aeHe4oj2nah,5/5/1971
John,Chabot,John.L.Chabot@mailinator.com,OXeiPaim3xae,11/15/1973
Clara,Davidson,Clara.J.Davidson@dodgit.com,eiZooz2dai,11/30/1943
Rose,Stanley,Rose.C.Stanley@mailinator.com,yaX4Shegae4,2/8/1976
Misty,Floyd,Misty.L.Floyd@spambob.com,yoh6Kah2sai,10/13/1951
Raymond,Johnson,Raymond.A.Johnson@pookmail.com,OT4quae1,11/16/1969
John,Blanchard,John.S.Blanchard@trashymail.com,oozaigh2JoF,8/13/1962
Michael,Hinds,Michael.B.Hinds@spambob.com,uaN5uNgedie,6/8/1985
Harold,Beard,Harold.F.Beard@mailinator.com,fei7Xagha,6/14/1960
John,Mercado,John.A.Mercado@trashymail.com,kohy5Eich,5/31/1967
Jack,Lyles,Jack.V.Lyles@trashymail.com,eech4Eekee,7/11/1980
Shirley,Loggins,Shirley.C.Loggins@pookmail.com,aeN3rae9,10/13/1954
Shawn,Ali,Shawn.S.Ali@spambob.com,ooN4bei0ah,2/23/1945
Lida,Melgoza,Lida.F.Melgoza@spambob.com,Einataek7ie,1/24/1962
James,Guzman,James.B.Guzman@trashymail.com,Ahsah1oi8hee,1/11/1950
Candace,Jackson,Candace.W.Jackson@dodgit.com,gie9Laifa,1/12/1967
Seth,Cochran,Seth.O.Cochran@mailinator.com,vich8uThees,2/10/1979
Victoria,Jones,Victoria.R.Jones@dodgit.com,aBefeeye6,10/2/1959
Nancy,Smith,Nancy.P.Smith@trashymail.com,Thaingae5ei,12/15/1941
William,Carranza,William.C.Carranza@pookmail.com,Ej9uPohgai4,2/21/1973
Thelma,Mcwilliams,Thelma.P.Mcwilliams@pookmail.com,Caimok2Ee,10/24/1961
Ruth,Buss,Ruth.J.Buss@pookmail.com,ba4aeCu9,5/28/1955
Mark,Stiles,Mark.T.Stiles@spambob.com,ieQu5iReich,1/5/1983
Ralph,Cantu,Ralph.M.Cantu@mailinator.com,tuiNg8ee,6/16/1961
Frank,Eaton,Frank.F.Eaton@trashymail.com,teiNgu3Woo6,9/26/1971
Donna,Newell,Donna.T.Newell@spambob.com,enahSeiF2ee,12/15/1967
David,Miller,David.P.Miller@pookmail.com,eiwah9Ai,4/1/1955
Ettie,Morales,Ettie.J.Morales@mailinator.com,shaeX8dae,2/7/1982
Kory,Albright,Kory.J.Albright@dodgit.com,eecooL5ah,12/27/1958
Allison,Scott,Allison.R.Scott@pookmail.com,woh7ev7L,1/22/1973
Tyson,Bullock,Tyson.D.Bullock@pookmail.com,eiX9Ileido,1/29/1955
Lee,Chapman,Lee.R.Chapman@mailinator.com,ouw3Eine3ot,10/6/1980
Juanita,Vasquez,Juanita.R.Vasquez@spambob.com,echi8Ding,4/29/1973
Rex,Pedigo,Rex.D.Pedigo@mailinator.com,Rov0Ootei,4/3/1973
Rhonda,Filson,Rhonda.M.Filson@spambob.com,ahph3AehaeC,11/29/1978
Juan,Kerner,Juan.M.Kerner@dodgit.com,aeB8Cei4sh,10/24/1956
Bradley,Poulin,Bradley.I.Poulin@dodgit.com,yai3uRah,8/25/1951
David,Johnson,David.C.Johnson@dodgit.com,unee2Shi1,11/30/1947
Robert,Chavez,Robert.A.Chavez@spambob.com,ooF7phoh,7/19/1961
Nancy,Reed,Nancy.F.Reed@mailinator.com,Aitheeg5Y,2/10/1967
Gary,Tatum,Gary.D.Tatum@mailinator.com,heghahR4joh,5/18/1969
Rachel,Goodman,Rachel.E.Goodman@mailinator.com,roo5kughahW,12/24/1976
Mary,Phan,Mary.S.Phan@dodgit.com,ZieReedah7,12/27/1945
Mary,Moore,Mary.A.Moore@spambob.com,iNg5thae,3/20/1976
Travis,Mcmahan,Travis.S.Mcmahan@spambob.com,quoo5iXa8L,9/17/1947
Debbie,Popham,Debbie.K.Popham@pookmail.com,Eeth7ried,4/14/1977
Milton,Garrison,Milton.T.Garrison@spambob.com,aphi8Shei,12/15/1976
Eugene,Tucker,Eugene.V.Tucker@pookmail.com,shis3De5pae,4/17/1976
Robert,Ware,Robert.P.Ware@pookmail.com,yah4EilohNg,10/29/1947
Dolores,Davenport,Dolores.D.Davenport@dodgit.com,ahn1Ooz7oth,6/22/1941
Joshua,Bailey,Joshua.J.Bailey@dodgit.com,quaire3Zoh,6/11/1973
Douglas,Whitman,Douglas.L.Whitman@pookmail.com,ox3kaiduRee,8/26/1957
Dorothy,Mill,Dorothy.B.Mill@dodgit.com,rie8oht4Koo,1/22/1952
Cathy,Lopez,Cathy.D.Lopez@dodgit.com,Ahl1voh0sae,12/27/1950
Carolyn,Clark,Carolyn.A.Clark@spambob.com,OeR0oomoh,8/4/1964
Diana,Whitworth,Diana.M.Whitworth@trashymail.com,omah5Bua8oo,10/30/1971
Benny,Casillas,Benny.D.Casillas@pookmail.com,ohk8Koh8nec,11/2/1946
John,Simon,John.P.Simon@pookmail.com,Iephooqua1,3/5/1983
Nancy,Tipps,Nancy.W.Tipps@mailinator.com,eaQua7cai,1/16/1976
Carolina,Mccauley,Carolina.J.Mccauley@trashymail.com,Loar8chieb0,9/6/1974
Cathy,Jimenez,Cathy.J.Jimenez@trashymail.com,Nahw2nae1Ee,4/6/1967
Gertrude,Moreno,Gertrude.J.Moreno@mailinator.com,Biosee7oo,6/29/1979
Effie,Esters,Effie.A.Esters@dodgit.com,Ohgi4Wo2ugh,11/10/1980
Pauline,Wynn,Pauline.F.Wynn@spambob.com,se8Yaev5es9,10/21/1978
Charles,Wimbley,Charles.M.Wimbley@pookmail.com,waeFie2mae,1/24/1953
Ines,Petty,Ines.J.Petty@mailinator.com,noo3Shegh7oo,8/2/1949
Nancy,Nolan,Nancy.D.Nolan@pookmail.com,KaluChee1i,11/12/1967
Nancy,Smith,Nancy.K.Smith@spambob.com,eu1AhyooPo,2/27/1980
Samuel,Cordero,Samuel.I.Cordero@trashymail.com,Chai2ahkai,1/19/1981
Leanna,Miller,Leanna.B.Miller@spambob.com,peichoh1Ufah,10/18/1973
Matthew,Sharp,Matthew.I.Sharp@trashymail.com,Ixaipae0qu,2/14/1983
Kevin,Goudeau,Kevin.J.Goudeau@spambob.com,geiFei6xo8i,11/8/1943
Vivian,Ellis,Vivian.J.Ellis@pookmail.com,mi0biez4Oo,10/5/1943
Elizabeth,Turner,Elizabeth.B.Turner@mailinator.com,uaPhe8eeth,6/19/1952
Wendy,Fields,Wendy.L.Fields@dodgit.com,kiel6Ooph,6/25/1981
Ruth,Hull,Ruth.N.Hull@pookmail.com,ohy8Phoh,5/1/1959
James,Champlin,James.R.Champlin@mailinator.com,AiX4orooh,2/13/1955
Debra,Haubrich,Debra.S.Haubrich@mailinator.com,fe0Deipheal,9/28/1954
Richard,Milam,Richard.M.Milam@trashymail.com,ooghai2Oocae,5/21/1981
Mildred,Cain,Mildred.I.Cain@trashymail.com,hohChoo9oom,5/1/1960
Florence,Kleiman,Florence.T.Kleiman@mailinator.com,raiKae9rai,11/6/1979
Derek,Parks,Derek.E.Parks@pookmail.com,ohZeikooX6,8/18/1958
Odessa,Bolt,Odessa.R.Bolt@dodgit.com,oyi1ieviJ,6/27/1973
Evan,Guy,Evan.M.Guy@spambob.com,EephieV0,8/10/1980
Marvin,Robinson,Marvin.L.Robinson@dodgit.com,ie2QueeBooHo,4/29/1969
Juan,Carico,Juan.V.Carico@dodgit.com,igh6ke6Laem,4/13/1985
Joseph,Cohen,Joseph.P.Cohen@mailinator.com,oopah4Daeno,8/17/1966
Dustin,Penniman,Dustin.C.Penniman@mailinator.com,ed0Vae7woo2,3/7/1952
James,Richmond,James.S.Richmond@trashymail.com,ooCh5nuGh2M,12/5/1941
Ruben,Groleau,Ruben.K.Groleau@spambob.com,pheiY9Ei,12/17/1948
Craig,Cox,Craig.M.Cox@trashymail.com,maCheeM0th,6/13/1944
Charles,Peavler,Charles.D.Peavler@mailinator.com,Eekahgh3,11/19/1948
Cora,Pharr,Cora.R.Pharr@spambob.com,si4Ua4tom,8/15/1966
Kimberly,Butts,Kimberly.R.Butts@dodgit.com,abair2ieV1oo,6/4/1942
Ronald,Kennedy,Ronald.J.Kennedy@trashymail.com,Sheechiev9,9/15/1946
George,Davidson,George.S.Davidson@dodgit.com,Bohnu6AiF,5/10/1971
William,Gomez,William.J.Gomez@mailinator.com,ooNoh8Uam,7/1/1977
Mildred,Cummings,Mildred.G.Cummings@trashymail.com,rooxaiGh8op,11/2/1976
Paul,Spray,Paul.V.Spray@pookmail.com,thee9uThocoh,12/25/1956
Carlos,Hill,Carlos.M.Hill@spambob.com,mieGheWei6oo,4/17/1954
Enriqueta,Comer,Enriqueta.J.Comer@pookmail.com,agooshai5Woe,2/2/1956
Michelle,Winkler,Michelle.M.Winkler@mailinator.com,agh0Asheev,2/28/1942
Betty,Gibson,Betty.S.Gibson@pookmail.com,Ein1thij,9/26/1985
Vera,Jackson,Vera.R.Jackson@dodgit.com,jaer1ohZah,12/2/1955
Edwina,Stiles,Edwina.D.Stiles@dodgit.com,Iechahne3,12/24/1971
Mark,Hall,Mark.L.Hall@dodgit.com,Fi9phaep,4/5/1953
James,Jones,James.R.Jones@dodgit.com,Jef6aes4ai,9/14/1967
Jose,Hodge,Jose.M.Hodge@pookmail.com,regoX9ai5ee,6/27/1968
Dennis,Hairston,Dennis.L.Hairston@dodgit.com,neeleifee6S,8/21/1948
Twila,Green,Twila.J.Green@spambob.com,ohbahLo6,7/23/1950
Jeremiah,Cook,Jeremiah.I.Cook@mailinator.com,ooch2Eirah,10/18/1970
Sandra,Nelson,Sandra.D.Nelson@dodgit.com,Quai3ipiNg,6/27/1972
Donald,Bennett,Donald.C.Bennett@trashymail.com,Ke9yoMei,2/5/1965
Laurie,Hicks,Laurie.S.Hicks@trashymail.com,bo3iuFec,4/22/1952
Christine,Williams,Christine.J.Williams@pookmail.com,ohGhie5Puu,11/30/1955
Jason,Solberg,Jason.A.Solberg@spambob.com,ief8eeC3e,7/27/1954
Aron,Collins,Aron.N.Collins@spambob.com,chiChuph3y,10/31/1967
Meghan,Oyler,Meghan.K.Oyler@pookmail.com,eeGhaix3l,10/19/1948
Kenneth,Chavez,Kenneth.D.Chavez@spambob.com,tuThoh4yai,1/3/1948
Raymond,Craine,Raymond.V.Craine@pookmail.com,moa3laYa0oh,2/4/1944
Napoleon,Merrill,Napoleon.M.Merrill@trashymail.com,iPheLoogho4,7/23/1983
Loraine,Ellis,Loraine.J.Ellis@trashymail.com,eiF6soh6qu,1/10/1967
Perry,Valdez,Perry.D.Valdez@pookmail.com,aetheibieW6,7/17/1971
George,Rodriguez,George.S.Rodriguez@spambob.com,iuf2eiliiRaiT,2/20/1969
Eileen,Armstrong,Eileen.H.Armstrong@mailinator.com,eng4ahZaiRoo,7/27/1957
Robin,Alderson,Robin.B.Alderson@mailinator.com,ka5Jaht4eegh,11/5/1955
Laura,Mcdougal,Laura.M.Mcdougal@spambob.com,vooKeeg5ac,5/7/1940
John,Uribe,John.J.Uribe@spambob.com,chei8MooY5W,7/4/1975
Carmen,Young,Carmen.D.Young@spambob.com,aHie9eesh,4/12/1970
Edward,Conrad,Edward.V.Conrad@trashymail.com,Eizahpuo0Wo,9/22/1971
Seymour,Pryor,Seymour.V.Pryor@spambob.com,eu8AeX5liP,6/11/1956
Kathy,Christian,Kathy.T.Christian@dodgit.com,sooy4ahroeCoo,7/21/1945
Miles,Scott,Miles.F.Scott@mailinator.com,meeyaR4za0Ai,4/27/1975
Rosalinda,Siefert,Rosalinda.D.Siefert@trashymail.com,Eyeedu8toh,7/25/1940
Christine,Ricks,Christine.R.Ricks@spambob.com,emo7Ahk7sh,2/21/1984
Annie,Robinson,Annie.C.Robinson@trashymail.com,Tee7oob5oong,2/14/1975
Denise,Webster,Denise.J.Webster@mailinator.com,xo5Eej5Ph,5/26/1963
Keith,Stephens,Keith.J.Stephens@trashymail.com,oangefee3See,2/6/1955
Gloria,Alvarez,Gloria.J.Alvarez@mailinator.com,jeiXie7oo,11/28/1958
Jennifer,Moore,Jennifer.M.Moore@spambob.com,ahn7Iegh,8/16/1983
Jim,Latham,Jim.C.Latham@spambob.com,um0Heiye,7/8/1981
Maritza,Sensabaugh,Maritza.R.Sensabaugh@trashymail.com,yahwei9Iph,3/30/1948
Patricia,Key,Patricia.B.Key@trashymail.com,aiR0eey2,3/20/1943
Allen,Dubois,Allen.C.Dubois@trashymail.com,uot8exiS6x,1/7/1961
Adrienne,Lane,Adrienne.J.Lane@mailinator.com,aivi3Doomi,1/28/1964
Kristina,Jennings,Kristina.R.Jennings@pookmail.com,uNutah4y,10/31/1980
Albert,Downs,Albert.E.Downs@pookmail.com,ieJeiw3gah,11/26/1981
John,Hicks,John.B.Hicks@mailinator.com,Ihu5ii4o,10/14/1954
Corey,Makin,Corey.N.Makin@spambob.com,bech9Afee2,12/9/1951
Heather,Jacques,Heather.M.Jacques@spambob.com,bohcau6vieSh,2/2/1975
Lisa,Mccarthy,Lisa.F.Mccarthy@mailinator.com,Gooxisai9Ah,6/21/1970
Nora,Farr,Nora.D.Farr@pookmail.com,ouP7emahch,9/6/1941
Ellen,Couture,Ellen.J.Couture@dodgit.com,dohWeit5,1/3/1946
Dorothy,Carpenter,Dorothy.G.Carpenter@dodgit.com,Yahz2kiex,7/5/1951
Edwin,Klemm,Edwin.A.Klemm@trashymail.com,ahzie1Zie,4/24/1943
Darryl,Paterson,Darryl.D.Paterson@dodgit.com,Jiemu4uth,10/11/1984
Ronnie,Cardenas,Ronnie.K.Cardenas@dodgit.com,ku7Chait,11/5/1950
Jean,Moore,Jean.P.Moore@spambob.com,giriQuoo9,1/8/1961
James,Welch,James.J.Welch@pookmail.com,omohV6xaeyie,1/2/1981
Heather,Salazar,Heather.E.Salazar@mailinator.com,ePienu2T,8/13/1967
Edward,Davis,Edward.E.Davis@dodgit.com,Rahphohc3,5/8/1943
Josephine,Anselmo,Josephine.D.Anselmo@pookmail.com,OhPh7ook,5/11/1948
John,Lopez,John.V.Lopez@trashymail.com,nai7eeJi1oo,10/11/1951
Sharon,Rapp,Sharon.P.Rapp@trashymail.com,eatu1shiC,2/13/1970
Nydia,Swinney,Nydia.N.Swinney@trashymail.com,FoaChaik0La,4/4/1954
Marilyn,Mccaffrey,Marilyn.T.Mccaffrey@trashymail.com,lol5eR2pha1,1/22/1981
Clarence,Clark,Clarence.E.Clark@spambob.com,aig0iNgoo9,12/6/1958
Russell,Chandler,Russell.L.Chandler@mailinator.com,Eehooxi2oogh,4/7/1985
Juan,Thomas,Juan.R.Thomas@spambob.com,xa5vohHai,5/27/1981
Clarence,Williams,Clarence.L.Williams@spambob.com,aelah7Onae,5/27/1968
Richard,Ridenour,Richard.P.Ridenour@trashymail.com,yohsh9Oi,2/28/1980
Sylvia,Stennett,Sylvia.A.Stennett@spambob.com,see8gai9Du3,12/21/1962
Juanita,Mcdougal,Juanita.V.Mcdougal@pookmail.com,ush8ooBohng,12/6/1966
Lawrence,Edwards,Lawrence.L.Edwards@trashymail.com,eiNgiqu9ien,5/29/1982
Janice,Anaya,Janice.J.Anaya@dodgit.com,ooD8eidooth,4/27/1945
Guillermina,Jefcoat,Guillermina.D.Jefcoat@dodgit.com,Icicooyoh1,11/18/1968
Lois,Williams,Lois.R.Williams@mailinator.com,ieg6Aliig,6/26/1970
Luis,Jones,Luis.R.Jones@pookmail.com,toozoh4Ii,12/28/1955
Jose,Sun,Jose.S.Sun@mailinator.com,oofei7Di8,1/3/1967
Minnie,Nguyen,Minnie.G.Nguyen@dodgit.com,iez0AeQu,6/26/1976
Phillip,Robinson,Phillip.D.Robinson@dodgit.com,Bee3IePu4nuo,5/12/1968
Connie,Harris,Connie.E.Harris@mailinator.com,za4vae9Wie1i,4/4/1977
William,Hartman,William.C.Hartman@mailinator.com,Au8fuqu9fee,5/5/1946
Marsha,Daniels,Marsha.J.Daniels@spambob.com,Roor4aiv8,6/20/1984
Edna,Charley,Edna.C.Charley@pookmail.com,ahhuf0Uv0ai,9/29/1980
Martha,Richards,Martha.J.Richards@dodgit.com,jahMush9n,5/22/1956
Elena,Ortiz,Elena.B.Ortiz@pookmail.com,koixeiRie5y,3/28/1980
Jesse,Woodall,Jesse.B.Woodall@mailinator.com,unahYee8Uew,8/26/1976
Ronald,Garcia,Ronald.J.Garcia@mailinator.com,keeR8Aeree,9/30/1956
Joseph,Frost,Joseph.A.Frost@pookmail.com,Ieph1EuGh,12/13/1968
Kimberly,Blais,Kimberly.B.Blais@spambob.com,aiz5AsheeV,1/23/1951
Ramon,Rendon,Ramon.O.Rendon@trashymail.com,oy7Aetae1C,2/12/1960
Frederick,Murry,Frederick.E.Murry@dodgit.com,nie7euquahH,11/6/1961
Barry,Odonnell,Barry.B.Odonnell@mailinator.com,Ruya1or1ei,2/11/1943
Rosaline,Reber,Rosaline.C.Reber@pookmail.com,yah8Pimai,12/10/1950
Valerie,Jackson,Valerie.F.Jackson@spambob.com,uyeivi4vaeGh,10/17/1941
Edward,Mitchell,Edward.J.Mitchell@trashymail.com,teithecai9Ai,6/23/1950
William,Valera,William.K.Valera@dodgit.com,doNey5ai,8/30/1978
Gertrude,Martin,Gertrude.H.Martin@trashymail.com,hozou7Xee,10/9/1982
Fannie,Brown,Fannie.J.Brown@spambob.com,uphoo4EB8,11/28/1973
Cole,Deloach,Cole.A.Deloach@spambob.com,oSha9ke9,3/23/1940
Doris,Tarver,Doris.H.Tarver@mailinator.com,ChahJ7ieQu,2/2/1943
Johnnie,Ford,Johnnie.S.Ford@mailinator.com,congoh9Ohgu,12/8/1979
Mark,Pike,Mark.A.Pike@spambob.com,Peer4Dah4ae,3/20/1974
Paula,Leak,Paula.J.Leak@dodgit.com,phaelee7K,9/16/1959
Mary,Cruz,Mary.J.Cruz@mailinator.com,paiBai7WeiV,10/23/1978
Eliza,Perry,Eliza.G.Perry@trashymail.com,xai6Quee9,7/14/1953
Ronald,Corbeil,Ronald.R.Corbeil@spambob.com,quae6aePh,9/9/1954
Shirley,Stoner,Shirley.J.Stoner@pookmail.com,Iepohcheiv7,8/22/1971
Jack,Steinke,Jack.B.Steinke@dodgit.com,laeghoh5U,2/3/1953
Kathryn,Cook,Kathryn.R.Cook@spambob.com,ahgh1peiD,2/5/1957
Willie,Walker,Willie.L.Walker@spambob.com,yeu7MohY6ee,5/25/1946
Vernon,Garcia,Vernon.S.Garcia@trashymail.com,shahLoo1F,8/24/1978
Craig,Wood,Craig.R.Wood@pookmail.com,Ag3mozoh,5/14/1954
David,Driscoll,David.J.Driscoll@mailinator.com,Eiw6vee5uXi,12/6/1965
Lillian,Christmas,Lillian.P.Christmas@pookmail.com,Sij8EBohv,9/24/1971
John,Holmes,John.S.Holmes@spambob.com,Ainge5sh,7/3/1985
Melanie,Harrell,Melanie.J.Harrell@spambob.com,pheeThae6uh,3/7/1973
Rachel,Thompson,Rachel.D.Thompson@dodgit.com,OhH7Nohs,1/28/1948
Phillip,Stone,Phillip.E.Stone@mailinator.com,iS7Uij4cai,10/22/1983
Michael,Broyles,Michael.N.Broyles@pookmail.com,Peing2aigh,2/29/1980
Tony,Jansen,Tony.L.Jansen@dodgit.com,Doofe5kaiK,7/29/1940
Brian,Ramsey,Brian.S.Ramsey@trashymail.com,Suth9aeQu,7/3/1947
David,Whiten,David.C.Whiten@dodgit.com,sei3Zahmie,7/2/1981
Darrell,Brown,Darrell.L.Brown@spambob.com,paekaec3Poi,3/16/1942
Benjamin,Garcia,Benjamin.M.Garcia@spambob.com,xahJ5zuen,12/18/1958
Sylvester,Garcia,Sylvester.C.Garcia@dodgit.com,meiGi8Che5u,9/2/1964
Frank,Thomas,Frank.F.Thomas@pookmail.com,fieB6ahlu0y,4/12/1948
Michael,Comfort,Michael.P.Comfort@mailinator.com,oozee1AeN1,12/4/1947
Dwayne,Hsu,Dwayne.S.Hsu@spambob.com,Re9uboh8,9/24/1950
Michelle,Blanco,Michelle.H.Blanco@pookmail.com,ahJ7Cay9,3/27/1967
Jennifer,Peterman,Jennifer.J.Peterman@mailinator.com,ceez1veeMe,5/25/1955
Anita,Rogers,Anita.C.Rogers@dodgit.com,tauW9aegh,12/24/1969
Robert,Pike,Robert.R.Pike@dodgit.com,nieTeixae8Ch,2/28/1977
Christine,Howe,Christine.A.Howe@trashymail.com,be7ve8zaTh,4/18/1954
Lauren,Robinson,Lauren.T.Robinson@dodgit.com,neiXahz9,4/18/1943
Elizabeth,Prince,Elizabeth.M.Prince@trashymail.com,bahThoo5o,10/6/1943
Maryann,Blanchette,Maryann.A.Blanchette@spambob.com,Aefee8fee,12/12/1960
Maureen,Tyler,Maureen.J.Tyler@dodgit.com,ahr5IQuoh,1/29/1964
Richard,Eaves,Richard.S.Eaves@dodgit.com,eiv9lu2D,10/4/1967
David,Morales,David.F.Morales@dodgit.com,Ohng2loTh,10/29/1967
Jesse,Melnick,Jesse.R.Melnick@pookmail.com,ohGhie8i,10/18/1962
Mike,Johnson,Mike.C.Johnson@dodgit.com,eih6poh3OoH,10/26/1973
Monica,Nickerson,Monica.R.Nickerson@dodgit.com,shuPh4oF0Uph,10/27/1942
David,Lucio,David.F.Lucio@spambob.com,kooMei2ah,4/18/1975
Susan,Pittman,Susan.A.Pittman@mailinator.com,Sohl7phiunee,5/31/1951
Eddie,Bridges,Eddie.G.Bridges@dodgit.com,quohCies2pha,11/12/1941
Alicia,Bowie,Alicia.T.Bowie@mailinator.com,Beimie3ophu,1/26/1976
Sandra,Dunlap,Sandra.R.Dunlap@dodgit.com,Ahli8eeth,5/25/1970
Tonya,Martin,Tonya.V.Martin@spambob.com,Aevo2Iakei,11/2/1943
Sarah,Austin,Sarah.F.Austin@trashymail.com,oyaoj1luh2W,3/1/1965
Stephen,Beyer,Stephen.B.Beyer@mailinator.com,zai4oqu7Tu,4/24/1950
Shirley,Cheung,Shirley.G.Cheung@spambob.com,Uughie3sh,5/12/1981
Marshall,Johnson,Marshall.H.Johnson@pookmail.com,aiRi1kaeng,2/22/1955
Cynthia,Scott,Cynthia.J.Scott@pookmail.com,Hoh0xeech1,7/29/1964
Thomas,Martini,Thomas.V.Martini@spambob.com,yu1ICeiph,11/26/1955
Karlene,Rutkowski,Karlene.T.Rutkowski@pookmail.com,Xuatoh1cav,6/29/1983
Ryan,Williams,Ryan.J.Williams@spambob.com,ai7quaP4eig,3/18/1946
Linda,Peterson,Linda.M.Peterson@trashymail.com,yahshie6A,7/30/1949
Robert,Gray,Robert.G.Gray@pookmail.com,eike3iuF,5/12/1971
James,Wynn,James.S.Wynn@spambob.com,bohng3ohd8I,4/4/1981
Guy,Townsend,Guy.M.Townsend@spambob.com,ophuTaa7x,11/6/1953
Kimberly,Farmer,Kimberly.N.Farmer@trashymail.com,eeT3ahf8Ai,12/9/1965
Jesus,White,Jesus.M.White@dodgit.com,eiYa5ait1joo,10/13/1975
Jessi,Heimann,Jessi.J.Heimann@pookmail.com,Ach6Ohv4sh,3/15/1946
Hector,Schumacher,Hector.Y.Schumacher@spambob.com,foCe5pa1Y,4/21/1974
Sean,Cooper,Sean.A.Cooper@spambob.com,quezo0aF,1/8/1973
Brenda,Jones,Brenda.C.Jones@mailinator.com,Oaz5io6vah,9/17/1956
Nancy,Cain,Nancy.A.Cain@trashymail.com,iaki6Kog7hoh,11/13/1966
Virginia,Lovejoy,Virginia.R.Lovejoy@mailinator.com,BeCheiyei4l,11/11/1949
Beth,Stegall,Beth.J.Stegall@spambob.com,ducheiTh4qu,1/13/1965
Lan,Harmon,Lan.J.Harmon@spambob.com,aesh9ahM,3/28/1944
John,Brown,John.P.Brown@spambob.com,bohK4ba1Ae,6/21/1984
Mark,Wilbanks,Mark.G.Wilbanks@mailinator.com,AeSaisah6,7/31/1957
Tajuana,Lefebvre,Tajuana.R.Lefebvre@trashymail.com,oPeith5phiej,4/5/1947
Joanne,Smith,Joanne.M.Smith@pookmail.com,iech6oNgai,10/29/1968
Julianna,Finnie,Julianna.D.Finnie@mailinator.com,el9AisaeR2Ei,6/20/1967
Tiffany,Lancaster,Tiffany.G.Lancaster@spambob.com,ceiphea8Ie,10/5/1981
Davis,Jackson,Davis.F.Jackson@mailinator.com,Ahk7eub4,8/8/1972
Sarah,Lehr,Sarah.S.Lehr@dodgit.com,ox0Eed2m,10/12/1958
Maria,Williams,Maria.C.Williams@spambob.com,To8iw5ohs,2/22/1981
Leisa,Mercer,Leisa.R.Mercer@mailinator.com,heiTai9f,9/22/1953
Ben,Bandy,Ben.C.Bandy@trashymail.com,yiap0Eevai,4/28/1959
William,Brundidge,William.S.Brundidge@pookmail.com,ahs4Oor8phae,5/24/1941
Patricia,Williamson,Patricia.J.Williamson@trashymail.com,coquo9Aes,3/28/1972
John,Jordan,John.M.Jordan@mailinator.com,Iewoo7eiph,9/5/1975
Ernestine,Smith,Ernestine.V.Smith@mailinator.com,Roj6pahF,10/1/1945
Carolyn,Daniels,Carolyn.D.Daniels@pookmail.com,kei6Ohke,12/11/1984
Shirley,Schmidt,Shirley.J.Schmidt@mailinator.com,roa1de5hiM,5/18/1958
Michael,Ponton,Michael.A.Ponton@spambob.com,Rieph3yeem,9/10/1946
Charlie,Thomas,Charlie.J.Thomas@trashymail.com,ooS7ciethe,5/31/1975
Patricia,Mckinney,Patricia.W.Mckinney@pookmail.com,Thu2eexae,1/15/1961
Roseann,Smith,Roseann.R.Smith@pookmail.com,jaJui2oh,6/27/1964
Nancy,Tarleton,Nancy.J.Tarleton@pookmail.com,lohthu8B,1/28/1966
Olive,Hensley,Olive.T.Hensley@spambob.com,oopahb4Oo,2/29/1964
Marilyn,Suzuki,Marilyn.J.Suzuki@trashymail.com,ieF0ciechoh,1/11/1956
James,Hamlin,James.A.Hamlin@trashymail.com,eiW5moiquoh,9/19/1952
Jill,Guzman,Jill.H.Guzman@trashymail.com,Aequ1ohS,5/6/1940
Natalie,Miller,Natalie.J.Miller@mailinator.com,EeNgu3Voh,12/9/1969
Bernardo,Roberts,Bernardo.T.Roberts@mailinator.com,heeFohTh1eigh,2/17/1941
Heather,Mcginnis,Heather.K.Mcginnis@dodgit.com,weif6so2Tai,10/3/1950
Edward,Coon,Edward.C.Coon@spambob.com,uRaigh2aej,11/23/1952
Anthony,Davidson,Anthony.L.Davidson@pookmail.com,eiLuuche3,10/24/1974
Esther,Rodriguez,Esther.J.Rodriguez@trashymail.com,deiwae5Ye,3/21/1971
Nicholas,Lynch,Nicholas.L.Lynch@mailinator.com,ooraeJ5koo,6/13/1977
Scott,Outten,Scott.E.Outten@pookmail.com,utah5lahG1,6/26/1985
Maggie,Mcgill,Maggie.D.Mcgill@pookmail.com,aiphaiYe4rah,9/13/1942
Richard,Ott,Richard.A.Ott@trashymail.com,sooquai7Ua7,8/31/1951
Ernestine,Gantt,Ernestine.C.Gantt@trashymail.com,iufaNi9Vae9,9/28/1950
Monica,Kennedy,Monica.J.Kennedy@spambob.com,oj8Ehohde,8/29/1950
John,Wyatt,John.M.Wyatt@dodgit.com,doo7sooP,8/14/1962
Robert,Driscoll,Robert.M.Driscoll@trashymail.com,epoeb5Lae2,2/23/1962
Peter,Cortez,Peter.T.Cortez@trashymail.com,eteb5Goo7,9/1/1971
Ellen,Williams,Ellen.C.Williams@trashymail.com,jaiPishei5,7/2/1942
Stephen,Samuelson,Stephen.H.Samuelson@mailinator.com,BabeaG3oon,5/4/1953
George,Folkerts,George.S.Folkerts@trashymail.com,Itoh9wahw,3/4/1963
Walter,Welch,Walter.C.Welch@spambob.com,JeeNuaCha6,5/18/1955
Carolina,Looney,Carolina.J.Looney@mailinator.com,Aoqu4hael,12/8/1950
Albert,Johnson,Albert.M.Johnson@dodgit.com,ahG0NoBai,6/10/1967
Daniel,Nagel,Daniel.L.Nagel@trashymail.com,ohd9Iez5ah,9/15/1962
James,Barajas,James.C.Barajas@pookmail.com,Aeyee2ieVai,3/28/1970
Cindy,Baldwin,Cindy.J.Baldwin@pookmail.com,ahzaiz1Bei,12/23/1967
Richard,Moore,Richard.E.Moore@pookmail.com,soomaiv4Iph,10/23/1957
Peter,Beeler,Peter.B.Beeler@dodgit.com,Jeephaaj7,11/19/1957
Ryan,Irwin,Ryan.P.Irwin@pookmail.com,Chahph9ae,7/22/1972
Rudy,Nocera,Rudy.J.Nocera@dodgit.com,ohbaiCohj4,5/21/1984
Bradly,Lawson,Bradly.C.Lawson@spambob.com,Eekoeng5ohph,12/17/1942
Derek,Rose,Derek.S.Rose@dodgit.com,Ooth3soohoh,11/25/1969
Geraldine,Crosby,Geraldine.P.Crosby@dodgit.com,duJu3Aingie,8/24/1960
Ricardo,Dixon,Ricardo.T.Dixon@pookmail.com,bei3Ohcahxoo,8/2/1955
Ana,Jones,Ana.R.Jones@trashymail.com,aY4oohi3if4,12/20/1952
Randall,Williams,Randall.L.Williams@mailinator.com,jei6UTiad8,1/8/1943
Lorena,Bracey,Lorena.T.Bracey@pookmail.com,Ishai8oog,10/3/1962
Sarah,Park,Sarah.C.Park@dodgit.com,gie7Nia6b,6/17/1951
Donna,Rivera,Donna.G.Rivera@mailinator.com,Eth1Iex3Ohgh,5/20/1941
Debra,Savage,Debra.J.Savage@trashymail.com,gooD8phu2w,12/6/1981
John,Kelly,John.K.Kelly@trashymail.com,ce3Fuz5pu,11/23/1940
Mickie,Gross,Mickie.W.Gross@trashymail.com,eevej4Ia1ohs,8/31/1944
Charity,Lyon,Charity.J.Lyon@spambob.com,IeheV0Chid,1/12/1951
Helen,Blackmon,Helen.J.Blackmon@mailinator.com,Lae3cheeye,11/26/1956
Maren,Kimball,Maren.P.Kimball@dodgit.com,eiNg6yaosh,11/19/1977
Alfred,Skinner,Alfred.K.Skinner@dodgit.com,aeGoh6Vie,7/3/1982
Cynthia,Petterson,Cynthia.J.Petterson@mailinator.com,wi9ohWufai,8/5/1982
Jake,Rodriguez,Jake.S.Rodriguez@mailinator.com,Fuxai3Pu3,8/26/1973
Richard,Johnson,Richard.A.Johnson@mailinator.com,Eath2au7nah,11/14/1962
David,Jones,David.V.Jones@spambob.com,aebai1Chah,3/19/1942
Joe,Le,Joe.S.Le@spambob.com,aiph5uiPh,5/11/1978
Shirly,Luna,Shirly.J.Luna@spambob.com,eiNiebai7a,8/20/1977
Michael,Sanchez,Michael.K.Sanchez@trashymail.com,eex8ahCho,1/30/1963
David,Berry,David.L.Berry@mailinator.com,ahv6evu3A,6/27/1954
Marie,Lee,Marie.G.Lee@spambob.com,OvohBahSh8,5/2/1984
Mary,Bower,Mary.W.Bower@dodgit.com,Aud7ahf4,6/14/1978
Helen,Clausen,Helen.A.Clausen@pookmail.com,eeth2kohNei,2/8/1974
Isaac,Fuller,Isaac.S.Fuller@mailinator.com,Ierahch7Juc,5/9/1955
Raymond,Long,Raymond.J.Long@spambob.com,Rait2vang,10/19/1965
Korey,Norris,Korey.D.Norris@pookmail.com,ui5aiDae3ae,1/19/1985
Rachel,Moore,Rachel.J.Moore@pookmail.com,ahc5ahwahM,1/31/1969
Nelson,Welch,Nelson.J.Welch@pookmail.com,roh2Hah7x,2/22/1954
Keith,Murphy,Keith.A.Murphy@dodgit.com,Oogaegh1,11/23/1973
Dawn,Johnson,Dawn.J.Johnson@mailinator.com,eil3Ohtasee,1/10/1949
Clarence,Martin,Clarence.L.Martin@trashymail.com,caerahquor9Oh,7/18/1941
Ronald,Anderson,Ronald.S.Anderson@dodgit.com,bi7ahg7Ich,12/24/1961
Dorothy,Grinnell,Dorothy.R.Grinnell@mailinator.com,Quukaivime0,1/28/1963
Marilyn,Peterson,Marilyn.P.Peterson@pookmail.com,eideez7Ut,8/3/1960
Charles,Sparrow,Charles.T.Sparrow@mailinator.com,haoroy6Eetoo,4/28/1972
Justin,Dubay,Justin.K.Dubay@dodgit.com,Rahx2nooj5Yai,2/28/1949
Rae,Price,Rae.M.Price@pookmail.com,ahshah6Reu,7/9/1968
Robert,Brennan,Robert.M.Brennan@dodgit.com,iengei1ha5Oh,8/25/1942
Robert,Charlton,Robert.J.Charlton@spambob.com,SeNaey1Ak8v,12/15/1964
William,Peterson,William.S.Peterson@pookmail.com,thahcai0Ae,7/29/1953
Thomas,Rios,Thomas.L.Rios@spambob.com,ooh5Haesee,12/29/1963
Hattie,Long,Hattie.R.Long@spambob.com,bea2buajooF,8/24/1983
Walter,Storer,Walter.D.Storer@trashymail.com,Eenie2zooth,12/13/1948
Rachelle,Bailey,Rachelle.J.Bailey@trashymail.com,aihetah3ooCh,11/1/1974
Jerry,Chung,Jerry.M.Chung@trashymail.com,shaic4Azah,11/12/1952
Robin,Mcdonald,Robin.L.Mcdonald@pookmail.com,uaJ8oowoo,11/25/1955
Jason,Pam,Jason.M.Pam@pookmail.com,ahMi6aeTh,5/2/1957
Pauline,Barker,Pauline.M.Barker@spambob.com,aeMoh4pee,5/2/1965
Marcia,Weekes,Marcia.W.Weekes@trashymail.com,yoo4Uefie,1/30/1953
Lindsey,Jenkins,Lindsey.B.Jenkins@pookmail.com,um1oTelahG,1/28/1959
Johnny,Scheer,Johnny.C.Scheer@trashymail.com,al4Fohr3ie,3/29/1979
Samuel,Canales,Samuel.S.Canales@spambob.com,ahtohvai7iG,3/30/1948
Marilyn,Diaz,Marilyn.C.Diaz@dodgit.com,eishaaBae0,10/8/1940
James,Ducan,James.J.Ducan@spambob.com,eeCh7rei,4/30/1968
John,Kim,John.L.Kim@trashymail.com,OhCohF9p,6/5/1955
David,Harris,David.L.Harris@trashymail.com,epee4choo1A,9/10/1974
Brigitte,Vanburen,Brigitte.W.Vanburen@mailinator.com,gaihie7Ous,6/25/1968
Charles,Albright,Charles.M.Albright@dodgit.com,zae2Ai2aiR4,8/16/1950
John,Perrin,John.S.Perrin@dodgit.com,souch1Noo,3/15/1944
Helen,Phillippi,Helen.G.Phillippi@pookmail.com,su6oShich,8/2/1947
Janet,Deans,Janet.W.Deans@pookmail.com,phiC4waeces,4/6/1978
James,Shaw,James.R.Shaw@pookmail.com,OeD1kei7iej,12/1/1958
Stephanie,Hoff,Stephanie.D.Hoff@dodgit.com,nohpoh2PeNg,7/30/1948
Isabel,Love,Isabel.P.Love@pookmail.com,lo6Rie9ohGh,1/16/1974
